<?xml version="1.0" encoding="utf-8" ?>
<ShadeInformation>
	<GeneralInformation>
		<!-- Hailey, ID -->
		<latitude>43.5197</latitude>
		<longitude>-114.3144</longitude>
		<!-- Magnetic Declanation is positive when magnetic north is east of true north -->
		<magnetic_declination_degrees>16</magnetic_declination_degrees>
		<!-- Setpoint to use when away flag is set for shades to manage room temperature -->
		<default_room_setpoint>70</default_room_setpoint>
		<!-- Temperature to assume if we can't read the temperature from the thermostat -->
		<default_room_temperature>70</default_room_temperature>
		<!-- Glare if sun shining more than this number of feet into room on the floor -->
		<feet_into_room_for_glare>3</feet_into_room_for_glare>
		<!-- Glare if sun shining on an angle +/- this value horizontally into a room -->
		<glare_azimuth>3</glare_azimuth>
		<!-- Preference when group is in conflict - "all open" or "all close" -->
		<group_preference>all close</group_preference>
	</GeneralInformation>
	<Hardware>
		<cen_rfgw_ex>
			<Device>
				<!-- cen_rfgwex connected over Cresnet ID-->
				<name>bedroom</name>
				<id>21</id>
			</Device>
			<Device>
				<!-- cen_rfgwex connected over Ethernet IPID-->
				<name>family room</name>
				<id>22</id>
			</Device>
		</cen_rfgw_ex>
		<c2n_sdc>
			<Device>
				<!-- Great Room North Side Controller Cresnet ID-->
				<id>71</id>
			</Device>
			<Device>
				<!-- Great Room East Side Controller Cresnet ID-->
				<id>72</id>
			</Device>
			<Device>
				<!-- Great Room South Side Controller Cresnet ID-->
				<id>73</id>
			</Device>
			<Device>
				<!-- Great Room West Side Controller Cresnet ID-->
				<id>74</id>
			</Device>
		</c2n_sdc>
		<c2n_sdc_dc>
		</c2n_sdc_dc>		
		<csm_qmt50_dccn>
		</csm_qmt50_dccn>
		<csc_acex>
		</csc_acex>
			<Device>
				<!-- Bedroom Shade-->
				<id>03</id>
				<gateway>internal</gateway>
			</Device>
		<csc_dcex>
		</csc_dcex>
		<csc_drpex>
		</csc_drpex>
		<csc_accn>
		</csc_accn>
		<csc_dccn>
		</csc_dccn>
		<csc_drpcn>
		</csc_drpcn>
	</Hardware>
	<Rooms>
		<Room>
			<name>Great Room</name>
			<note>None</note>
			<!-- The note field can be used to write freeform notes about this entity.  i.e. room ID from drawings-->
			<temperature_join>10</temperature_join>
			<setpoint_join>20</setpoint_join> 
			<thermostat_mode_join>30</thermostat_mode_join> 
			<ignore_party_flag>false</ignore_party_flag>
			<close_when_away>false</close_when_away>
			<Shades>
				<Shade>
					<name>North Facing Window</name>
					<note>None</note>
					<!-- The note field can be used to write freeform notes about this entity.  i.e. window ID from drawings-->
					<east_horizon>20</east_horizon>
					<west_horizon>20</west_horizon>
					<angle_from_north>0</angle_from_north>
					<eave_height>10</eave_height>
					<eave_depth>3</eave_depth>
					<max_eave_depth_low>10</max_eave_depth_low>
					<max_eave_depth_high>10</max_eave_depth_high>
					<height_floor_to_sill>3</height_floor_to_sill>
					<window_height>3</window_height>
					<option>energy-save-aesthetics</option>
					<timed_actions>8:00 AM-Open,9:20 AM-Close,10:00 AM-auto,1:00 PM-close,1:30 PM-auto</timed_actions>
					<sunrise_action>none</sunrise_action>
					<sunset_action>none</sunset_action>
					<close_on_glare>false</close_on_glare>
					<hardware_address>Cresnet71:1</hardware_address>
					<serial_feedback_join>50</serial_feedback_join>
					<analog_feedback_join>50</analog_feedback_join>					
					<group_name>none</group_name>
				</Shade>
				<Shade>
					<name>North-East Facing Window</name>
					<note>None</note>
					<!-- The note field can be used to write freeform notes about this entity.  i.e. window ID from drawings-->
					<east_horizon>20</east_horizon>
					<west_horizon>20</west_horizon>
					<angle_from_north>45</angle_from_north>
					<eave_height>10</eave_height>
					<eave_depth>3</eave_depth>
					<max_eave_depth_low>10</max_eave_depth_low>
					<max_eave_depth_high>10</max_eave_depth_high>
					<height_floor_to_sill>3</height_floor_to_sill>
					<window_height>3</window_height>
					<option>energy-save-aesthetics</option>
					<timed_actions>none</timed_actions>
					<sunrise_action>none</sunrise_action>
					<sunset_action>none</sunset_action>
					<close_on_glare>false</close_on_glare>
					<hardware_address>Cresnet71:2</hardware_address>
					<serial_feedback_join>51</serial_feedback_join>
					<analog_feedback_join>51</analog_feedback_join>					
					<group_name>none</group_name>
				</Shade>
				<Shade>
					<name>East Facing Window</name>
					<note>None</note>
					<!-- The note field can be used to write freeform notes about this entity.  i.e. window ID from drawings-->
					<east_horizon>20</east_horizon>
					<west_horizon>20</west_horizon>
					<angle_from_north>90</angle_from_north>
					<eave_height>10</eave_height>
					<eave_depth>3</eave_depth>
					<max_eave_depth_low>10</max_eave_depth_low>
					<max_eave_depth_high>10</max_eave_depth_high>
					<height_floor_to_sill>3</height_floor_to_sill>
					<window_height>3</window_height>
					<option>energy-save-aesthetics</option>
					<timed_actions>none</timed_actions>
					<sunrise_action>none</sunrise_action>
					<sunset_action>none</sunset_action>
					<close_on_glare>false</close_on_glare>
					<hardware_address>Cresnet72:1</hardware_address>
					<serial_feedback_join>52</serial_feedback_join>
					<analog_feedback_join>52</analog_feedback_join>					
					<group_name>none</group_name>
				</Shade>
				<Shade>
					<name>South-East Facing Window</name>
					<note>None</note>
					<!-- The note field can be used to write freeform notes about this entity.  i.e. window ID from drawings-->
					<east_horizon>20</east_horizon>
					<west_horizon>20</west_horizon>
					<angle_from_north>135</angle_from_north>
					<eave_height>10</eave_height>
					<eave_depth>3</eave_depth>
					<max_eave_depth_low>10</max_eave_depth_low>
					<max_eave_depth_high>10</max_eave_depth_high>
					<height_floor_to_sill>3</height_floor_to_sill>
					<window_height>3</window_height>
					<option>energy-save-aesthetics</option>
					<timed_actions>none</timed_actions>
					<sunrise_action>none</sunrise_action>
					<sunset_action>none</sunset_action>
					<close_on_glare>false</close_on_glare>
					<hardware_address>Cresnet72:2</hardware_address>
					<serial_feedback_join>53</serial_feedback_join>
					<analog_feedback_join>53</analog_feedback_join>					
					<group_name>none</group_name>
				</Shade>
				<Shade>
					<name>South Facing Window</name>
					<note>None</note>
					<!-- The note field can be used to write freeform notes about this entity.  i.e. window ID from drawings-->
					<east_horizon>20</east_horizon>
					<west_horizon>20</west_horizon>
					<angle_from_north>180</angle_from_north>
					<eave_height>10</eave_height>
					<eave_depth>3</eave_depth>
					<max_eave_depth_low>10</max_eave_depth_low>
					<max_eave_depth_high>10</max_eave_depth_high>
					<height_floor_to_sill>3</height_floor_to_sill>
					<window_height>3</window_height>
					<option>energy-save-aesthetics</option>
					<timed_actions>none</timed_actions>
					<sunrise_action>none</sunrise_action>
					<sunset_action>none</sunset_action>
					<close_on_glare>false</close_on_glare>
					<hardware_address>Cresnet73:1</hardware_address>
					<serial_feedback_join>54</serial_feedback_join>
					<analog_feedback_join>54</analog_feedback_join>					
					<group_name>none</group_name>
				</Shade>
				<Shade>
					<name>South-West Facing Window</name>
					<note>None</note>
					<!-- The note field can be used to write freeform notes about this entity.  i.e. window ID from drawings-->
					<east_horizon>20</east_horizon>
					<west_horizon>20</west_horizon>
					<angle_from_north>225</angle_from_north>
					<eave_height>10</eave_height>
					<eave_depth>3</eave_depth>
					<max_eave_depth_low>10</max_eave_depth_low>
					<max_eave_depth_high>10</max_eave_depth_high>
					<height_floor_to_sill>3</height_floor_to_sill>
					<window_height>3</window_height>
					<option>energy-save-aesthetics</option>
					<timed_actions>none</timed_actions>
					<sunrise_action>none</sunrise_action>
					<sunset_action>none</sunset_action>
					<close_on_glare>false</close_on_glare>
					<hardware_address>Cresnet73:2</hardware_address>
					<serial_feedback_join>55</serial_feedback_join>
					<analog_feedback_join>55</analog_feedback_join>					
					<group_name>none</group_name>
				</Shade>
				<Shade>
					<name>West Facing Window</name>
					<note>None</note>
					<!-- The note field can be used to write freeform notes about this entity.  i.e. window ID from drawings-->
					<east_horizon>20</east_horizon>
					<west_horizon>20</west_horizon>
					<angle_from_north>270</angle_from_north>
					<eave_height>10</eave_height>
					<eave_depth>3</eave_depth>
					<max_eave_depth_low>10</max_eave_depth_low>
					<max_eave_depth_high>10</max_eave_depth_high>
					<height_floor_to_sill>3</height_floor_to_sill>
					<window_height>3</window_height>
					<option>energy-save-aesthetics</option>
					<timed_actions>none</timed_actions>
					<sunrise_action>none</sunrise_action>
					<sunset_action>none</sunset_action>
					<close_on_glare>false</close_on_glare>
					<hardware_address>Cresnet74:1</hardware_address>
					<serial_feedback_join>56</serial_feedback_join>
					<analog_feedback_join>56</analog_feedback_join>					
					<group_name>none</group_name>
				</Shade>
				<Shade>
					<name>North-West Facing Window</name>
					<note>None</note>
					<!-- The note field can be used to write freeform notes about this entity.  i.e. window ID from drawings-->
					<east_horizon>20</east_horizon>
					<west_horizon>20</west_horizon>
					<angle_from_north>315</angle_from_north>
					<eave_height>10</eave_height>
					<eave_depth>3</eave_depth>
					<max_eave_depth_low>10</max_eave_depth_low>
					<max_eave_depth_high>10</max_eave_depth_high>
					<height_floor_to_sill>3</height_floor_to_sill>
					<window_height>3</window_height>
					<option>energy-save-aesthetics</option>
					<timed_actions>none</timed_actions>
					<sunrise_action>none</sunrise_action>
					<sunset_action>none</sunset_action>
					<close_on_glare>false</close_on_glare>
					<hardware_address>Cresnet74:2</hardware_address>
					<serial_feedback_join>57</serial_feedback_join>
					<analog_feedback_join>57</analog_feedback_join>					
					<group_name>none</group_name>
				</Shade>
			</Shades>
		</Room>
	</Rooms>	
</ShadeInformation>
