<?xml version="1.0" encoding="utf-8" ?>
<ShadeInformation>
	<GeneralInformation>
		<version>2.0</version>
		<!-- Hailey, ID -->
		<latitude>43.5311</latitude>
		<longitude>-114.3215</longitude>
		<!-- Magnetic Declanation is positive when magnetic north is east of true north -->
		<magnetic_declination_degrees>12.87</magnetic_declination_degrees>
	</GeneralInformation>
	<Shades>
		<Shade>
			<name>Slider</name>
			<room>Master Bedroom</room>
			<note>None</note>
			<!-- The note field can be used to write free form notes about this entity.  i.e. window ID from drawings-->
			<East_Horizon_Segments>
				<Horizon>
					<elevation>5</elevation>
					<start_angle>0</start_angle>
					<end_angle>89</end_angle>
				</Horizon>
				<Horizon>
					<elevation>10</elevation>
					<start_angle>90</start_angle>
					<end_angle>179</end_angle>
				</Horizon>
			</East_Horizon_Segments>
			<West_Horizon_Segments>
				<Horizon>
					<elevation>13</elevation>
					<start_angle>180</start_angle>
					<end_angle>269</end_angle>
				</Horizon>
				<Horizon>
					<elevation>11</elevation>
					<start_angle>270</start_angle>
					<end_angle>359</end_angle>
				</Horizon>
			</West_Horizon_Segments>
			<!-- Shade "angle_from_north" should be measured from magnetic north using a compass -->
			<angle_from_north>79</angle_from_north>
		</Shade>
		<Shade>
			<name>Picture Window</name>
			<room>Great Room</room>
			<note>None</note>
			<!-- The note field can be used to write free form notes about this entity.  i.e. window ID from drawings-->
			<East_Horizon_Segments>
				<Horizon>
					<elevation>5</elevation>
					<start_angle>0</start_angle>
					<end_angle>89</end_angle>
				</Horizon>
				<Horizon>
					<elevation>10</elevation>
					<start_angle>90</start_angle>
					<end_angle>179</end_angle>
				</Horizon>
			</East_Horizon_Segments>
			<West_Horizon_Segments>
				<Horizon>
					<elevation>13</elevation>
					<start_angle>180</start_angle>
					<end_angle>269</end_angle>
				</Horizon>
				<Horizon>
					<elevation>11</elevation>
					<start_angle>270</start_angle>
					<end_angle>359</end_angle>
				</Horizon>
			</West_Horizon_Segments>
			<!-- Shade "angle_from_north" should be measured from magnetic north using a compass -->
			<angle_from_north>79</angle_from_north>
		</Shade>
		<Shade>
			<name>Slider</name>
			<room>Nook</room>
			<note>None</note>
			<!-- The note field can be used to write free form notes about this entity.  i.e. window ID from drawings-->
			<East_Horizon_Segments>
				<Horizon>
					<elevation>5</elevation>
					<start_angle>0</start_angle>
					<end_angle>89</end_angle>
				</Horizon>
				<Horizon>
					<elevation>10</elevation>
					<start_angle>90</start_angle>
					<end_angle>179</end_angle>
				</Horizon>
			</East_Horizon_Segments>
			<West_Horizon_Segments>
				<Horizon>
					<elevation>13</elevation>
					<start_angle>180</start_angle>
					<end_angle>269</end_angle>
				</Horizon>
				<Horizon>
					<elevation>11</elevation>
					<start_angle>270</start_angle>
					<end_angle>359</end_angle>
				</Horizon>
			</West_Horizon_Segments>
			<!-- Shade "angle_from_north" should be measured from magnetic north using a compass -->
			<angle_from_north>79</angle_from_north>
		</Shade>
		<Shade>
			<name>Gretchen's Desk Window</name>
			<room>Nook</room>
			<note>None</note>
			<!-- The note field can be used to write free form notes about this entity.  i.e. window ID from drawings-->
			<East_Horizon_Segments>
				<Horizon>
					<elevation>5</elevation>
					<start_angle>0</start_angle>
					<end_angle>89</end_angle>
				</Horizon>
				<Horizon>
					<elevation>10</elevation>
					<start_angle>90</start_angle>
					<end_angle>179</end_angle>
				</Horizon>
			</East_Horizon_Segments>
			<West_Horizon_Segments>
				<Horizon>
					<elevation>13</elevation>
					<start_angle>180</start_angle>
					<end_angle>269</end_angle>
				</Horizon>
				<Horizon>
					<elevation>11</elevation>
					<start_angle>270</start_angle>
					<end_angle>359</end_angle>
				</Horizon>
			</West_Horizon_Segments>
			<!-- Shade "angle_from_north" should be measured from magnetic north using a compass -->
			<angle_from_north>169</angle_from_north>
		</Shade>
		<Shade>
			<name>Kitchen Window</name>
			<room>Kitchen</room>
			<note>None</note>
			<!-- The note field can be used to write free form notes about this entity.  i.e. window ID from drawings-->
			<East_Horizon_Segments>
				<Horizon>
					<elevation>5</elevation>
					<start_angle>0</start_angle>
					<end_angle>89</end_angle>
				</Horizon>
				<Horizon>
					<elevation>10</elevation>
					<start_angle>90</start_angle>
					<end_angle>179</end_angle>
				</Horizon>
			</East_Horizon_Segments>
			<West_Horizon_Segments>
				<Horizon>
					<elevation>13</elevation>
					<start_angle>180</start_angle>
					<end_angle>269</end_angle>
				</Horizon>
				<Horizon>
					<elevation>11</elevation>
					<start_angle>270</start_angle>
					<end_angle>359</end_angle>
				</Horizon>
			</West_Horizon_Segments>
			<!-- Shade "angle_from_north" should be measured from magnetic north using a compass -->
			<angle_from_north>169</angle_from_north>
		</Shade>
		<Shade>
			<name>Dining Window</name>
			<room>Dining Room</room>
			<note>None</note>
			<!-- The note field can be used to write free form notes about this entity.  i.e. window ID from drawings-->
			<East_Horizon_Segments>
				<Horizon>
					<elevation>5</elevation>
					<start_angle>0</start_angle>
					<end_angle>89</end_angle>
				</Horizon>
				<Horizon>
					<elevation>10</elevation>
					<start_angle>90</start_angle>
					<end_angle>179</end_angle>
				</Horizon>
			</East_Horizon_Segments>
			<West_Horizon_Segments>
				<Horizon>
					<elevation>13</elevation>
					<start_angle>180</start_angle>
					<end_angle>269</end_angle>
				</Horizon>
				<Horizon>
					<elevation>11</elevation>
					<start_angle>270</start_angle>
					<end_angle>359</end_angle>
				</Horizon>
			</West_Horizon_Segments>
			<!-- Shade "angle_from_north" should be measured from magnetic north using a compass -->
			<angle_from_north>259</angle_from_north>
		</Shade>
		<Shade>
			<name>Bathroom Window</name>
			<room>Master Bath</room>
			<note>None</note>
			<!-- The note field can be used to write free form notes about this entity.  i.e. window ID from drawings-->
			<East_Horizon_Segments>
				<Horizon>
					<elevation>5</elevation>
					<start_angle>0</start_angle>
					<end_angle>89</end_angle>
				</Horizon>
				<Horizon>
					<elevation>10</elevation>
					<start_angle>90</start_angle>
					<end_angle>179</end_angle>
				</Horizon>
			</East_Horizon_Segments>
			<West_Horizon_Segments>
				<Horizon>
					<elevation>13</elevation>
					<start_angle>180</start_angle>
					<end_angle>269</end_angle>
				</Horizon>
				<Horizon>
					<elevation>11</elevation>
					<start_angle>270</start_angle>
					<end_angle>359</end_angle>
				</Horizon>
			</West_Horizon_Segments>
			<!-- Shade "angle_from_north" should be measured from magnetic north using a compass -->
			<angle_from_north>349</angle_from_north>
		</Shade>
	</Shades>
</ShadeInformation>
