<?xml version="1.0" encoding="utf-8" ?>
<ShadeInformation>
	<GeneralInformation>
		<version>3.0</version>
		<!-- Hailey, ID -->
		<latitude>43.5311</latitude>
		<longitude>-114.3215</longitude>
		<!-- Magnetic Declanation is positive when magnetic north is east of true north -->
		<magnetic_declination_degrees>12.87</magnetic_declination_degrees>
	</GeneralInformation>
	<Shades>
		<Shade>
			<name>Slider</name>
			<room>Master Bedroom</room>
			<note>None</note>
			<!-- The note field can be used to write free form notes about this entity.  i.e. window ID from drawings-->
			<East_Horizon_Segments>
				<Horizon>
					<summer_elevation>5</summer_elevation>
					<winter_elevation>5</winter_elevation>
					<start_angle>0</start_angle>
					<end_angle>21</end_angle>
				</Horizon>
				<Horizon>
					<summer_elevation>7</summer_elevation>
					<winter_elevation>7</winter_elevation>
					<start_angle>21</start_angle>
					<end_angle>30</end_angle>
				</Horizon>
				<Horizon>
					<summer_elevation>10</summer_elevation>
					<winter_elevation>10</winter_elevation>
					<start_angle>30</start_angle>
					<end_angle>37</end_angle>
				</Horizon>
				<Horizon>
					<summer_elevation>13</summer_elevation>
					<winter_elevation>13</winter_elevation>
					<start_angle>37</start_angle>
					<end_angle>45</end_angle>
				</Horizon>
				<Horizon>
					<summer_elevation>8</summer_elevation>
					<winter_elevation>8</winter_elevation>
					<start_angle>45</start_angle>
					<end_angle>51</end_angle>
				</Horizon>
				<Horizon>
					<summer_elevation>9</summer_elevation>
					<winter_elevation>9</winter_elevation>
					<start_angle>51</start_angle>
					<end_angle>54</end_angle>
				</Horizon>
				<Horizon>
					<summer_elevation>8</summer_elevation>
					<winter_elevation>8</winter_elevation>
					<start_angle>54</start_angle>
					<end_angle>62</end_angle>
				</Horizon>
				<Horizon>
					<summer_elevation>7</summer_elevation>
					<winter_elevation>7</winter_elevation>
					<start_angle>62</start_angle>
					<end_angle>65</end_angle>
				</Horizon>
				<Horizon>
					<summer_elevation>10</summer_elevation>
					<winter_elevation>10</winter_elevation>
					<start_angle>65</start_angle>
					<end_angle>70</end_angle>
				</Horizon>
				<Horizon>
					<summer_elevation>15</summer_elevation>
					<winter_elevation>15</winter_elevation>
					<start_angle>70</start_angle>
					<end_angle>73</end_angle>
				</Horizon>
				<Horizon>
					<summer_elevation>17</summer_elevation>
					<winter_elevation>17</winter_elevation>
					<start_angle>73</start_angle>
					<end_angle>77</end_angle>
				</Horizon>
				<Horizon>
					<summer_elevation>12</summer_elevation>
					<winter_elevation>12</winter_elevation>
					<start_angle>77</start_angle>
					<end_angle>81</end_angle>
				</Horizon>
				<Horizon>
					<summer_elevation>7</summer_elevation>
					<winter_elevation>7</winter_elevation>
					<start_angle>81</start_angle>
					<end_angle>99</end_angle>
				</Horizon>
				<Horizon>
					<summer_elevation>5</summer_elevation>
					<winter_elevation>5</winter_elevation>
					<start_angle>99</start_angle>
					<end_angle>102</end_angle>
				</Horizon>
				<Horizon>
					<summer_elevation>4</summer_elevation>
					<winter_elevation>4</winter_elevation>
					<start_angle>102</start_angle>
					<end_angle>112</end_angle>
				</Horizon>
				<Horizon>
					<summer_elevation>3</summer_elevation>
					<winter_elevation>3</winter_elevation>
					<start_angle>112</start_angle>
					<end_angle>120</end_angle>
				</Horizon>
				<Horizon>
					<summer_elevation>1</summer_elevation>
					<winter_elevation>1</winter_elevation>
					<start_angle>120</start_angle>
					<end_angle>122</end_angle>
				</Horizon>
				<Horizon>
					<summer_elevation>5</summer_elevation>
					<winter_elevation>5</winter_elevation>
					<start_angle>122</start_angle>
					<end_angle>127</end_angle>
				</Horizon>
				<Horizon>
					<summer_elevation>2</summer_elevation>
					<winter_elevation>2</winter_elevation>
					<start_angle>127</start_angle>
					<end_angle>144</end_angle>
				</Horizon>
				<Horizon>
					<summer_elevation>5</summer_elevation>
					<winter_elevation>5</winter_elevation>
					<start_angle>144</start_angle>
					<end_angle>160</end_angle>
				</Horizon>
				<Horizon>
					<summer_elevation>9</summer_elevation>
					<winter_elevation>9</winter_elevation>
					<start_angle>160</start_angle>
					<end_angle>170</end_angle>
				</Horizon>
				<Horizon>
					<summer_elevation>8</summer_elevation>
					<winter_elevation>8</winter_elevation>
					<start_angle>170</start_angle>
					<end_angle>175</end_angle>
				</Horizon>
				<Horizon>
					<summer_elevation>7</summer_elevation>
					<winter_elevation>7</winter_elevation>
					<start_angle>175</start_angle>
					<end_angle>180</end_angle>
				</Horizon>
			</East_Horizon_Segments>
			<West_Horizon_Segments>
				<Horizon>
					<summer_elevation>4</summer_elevation>
					<winter_elevation>4</winter_elevation>
					<start_angle>180</start_angle>
					<end_angle>187</end_angle>
				</Horizon>
				<Horizon>
					<summer_elevation>10</summer_elevation>
					<winter_elevation>10</winter_elevation>
					<start_angle>187</start_angle>
					<end_angle>195</end_angle>
				</Horizon>
				<Horizon>
					<summer_elevation>13</summer_elevation>
					<winter_elevation>13</winter_elevation>
					<start_angle>195</start_angle>
					<end_angle>207</end_angle>
				</Horizon>
				<Horizon>
					<summer_elevation>15</summer_elevation>
					<winter_elevation>15</winter_elevation>
					<start_angle>207</start_angle>
					<end_angle>222</end_angle>
				</Horizon>
				<Horizon>
					<summer_elevation>17</summer_elevation>
					<winter_elevation>17</winter_elevation>
					<start_angle>222</start_angle>
					<end_angle>237</end_angle>
				</Horizon>
				<Horizon>
					<summer_elevation>15</summer_elevation>
					<winter_elevation>15</winter_elevation>
					<start_angle>237</start_angle>
					<end_angle>252</end_angle>
				</Horizon>
				<Horizon>
					<summer_elevation>13</summer_elevation>
					<winter_elevation>13</winter_elevation>
					<start_angle>252</start_angle>
					<end_angle>267</end_angle>
				</Horizon>
				<Horizon>
					<summer_elevation>10</summer_elevation>
					<winter_elevation>10</winter_elevation>
					<start_angle>267</start_angle>
					<end_angle>282</end_angle>
				</Horizon>
				<Horizon>
					<summer_elevation>8</summer_elevation>
					<winter_elevation>8</winter_elevation>
					<start_angle>282</start_angle>
					<end_angle>297</end_angle>
				</Horizon>
				<Horizon>
					<summer_elevation>4</summer_elevation>
					<winter_elevation>4</winter_elevation>
					<start_angle>297</start_angle>
					<end_angle>312</end_angle>
				</Horizon>
				<Horizon>
					<summer_elevation>3</summer_elevation>
					<winter_elevation>3</winter_elevation>
					<start_angle>312</start_angle>
					<end_angle>327</end_angle>
				</Horizon>
				<Horizon>
					<summer_elevation>2</summer_elevation>
					<winter_elevation>2</winter_elevation>
					<start_angle>327</start_angle>
					<end_angle>360</end_angle>
				</Horizon>
			</West_Horizon_Segments>
			<!-- Shade "angle_from_north" should be measured from magnetic north using a compass -->
			<angle_from_north>79</angle_from_north>
		</Shade>
		<Shade>
			<name>Picture Window</name>
			<room>Great Room</room>
			<note>None</note>
			<!-- The note field can be used to write free form notes about this entity.  i.e. window ID from drawings-->
			<East_Horizon_Segments>
				<Horizon>
					<summer_elevation>5</summer_elevation>
					<winter_elevation>5</winter_elevation>
					<start_angle>0</start_angle>
					<end_angle>21</end_angle>
				</Horizon>
				<Horizon>
					<summer_elevation>7</summer_elevation>
					<winter_elevation>7</winter_elevation>
					<start_angle>21</start_angle>
					<end_angle>30</end_angle>
				</Horizon>
				<Horizon>
					<summer_elevation>10</summer_elevation>
					<winter_elevation>10</winter_elevation>
					<start_angle>30</start_angle>
					<end_angle>37</end_angle>
				</Horizon>
				<Horizon>
					<summer_elevation>13</summer_elevation>
					<winter_elevation>13</winter_elevation>
					<start_angle>37</start_angle>
					<end_angle>45</end_angle>
				</Horizon>
				<Horizon>
					<summer_elevation>8</summer_elevation>
					<winter_elevation>8</winter_elevation>
					<start_angle>45</start_angle>
					<end_angle>51</end_angle>
				</Horizon>
				<Horizon>
					<summer_elevation>9</summer_elevation>
					<winter_elevation>9</winter_elevation>
					<start_angle>51</start_angle>
					<end_angle>54</end_angle>
				</Horizon>
				<Horizon>
					<summer_elevation>8</summer_elevation>
					<winter_elevation>8</winter_elevation>
					<start_angle>54</start_angle>
					<end_angle>62</end_angle>
				</Horizon>
				<Horizon>
					<summer_elevation>7</summer_elevation>
					<winter_elevation>7</winter_elevation>
					<start_angle>62</start_angle>
					<end_angle>65</end_angle>
				</Horizon>
				<Horizon>
					<summer_elevation>10</summer_elevation>
					<winter_elevation>10</winter_elevation>
					<start_angle>65</start_angle>
					<end_angle>70</end_angle>
				</Horizon>
				<Horizon>
					<summer_elevation>15</summer_elevation>
					<winter_elevation>15</winter_elevation>
					<start_angle>70</start_angle>
					<end_angle>73</end_angle>
				</Horizon>
				<Horizon>
					<summer_elevation>17</summer_elevation>
					<winter_elevation>17</winter_elevation>
					<start_angle>73</start_angle>
					<end_angle>77</end_angle>
				</Horizon>
				<Horizon>
					<summer_elevation>12</summer_elevation>
					<winter_elevation>12</winter_elevation>
					<start_angle>77</start_angle>
					<end_angle>81</end_angle>
				</Horizon>
				<Horizon>
					<summer_elevation>7</summer_elevation>
					<winter_elevation>7</winter_elevation>
					<start_angle>81</start_angle>
					<end_angle>99</end_angle>
				</Horizon>
				<Horizon>
					<summer_elevation>5</summer_elevation>
					<winter_elevation>5</winter_elevation>
					<start_angle>99</start_angle>
					<end_angle>102</end_angle>
				</Horizon>
				<Horizon>
					<summer_elevation>4</summer_elevation>
					<winter_elevation>4</winter_elevation>
					<start_angle>102</start_angle>
					<end_angle>112</end_angle>
				</Horizon>
				<Horizon>
					<summer_elevation>3</summer_elevation>
					<winter_elevation>3</winter_elevation>
					<start_angle>112</start_angle>
					<end_angle>120</end_angle>
				</Horizon>
				<Horizon>
					<summer_elevation>1</summer_elevation>
					<winter_elevation>1</winter_elevation>
					<start_angle>120</start_angle>
					<end_angle>122</end_angle>
				</Horizon>
				<Horizon>
					<summer_elevation>5</summer_elevation>
					<winter_elevation>5</winter_elevation>
					<start_angle>122</start_angle>
					<end_angle>127</end_angle>
				</Horizon>
				<Horizon>
					<summer_elevation>2</summer_elevation>
					<winter_elevation>2</winter_elevation>
					<start_angle>127</start_angle>
					<end_angle>144</end_angle>
				</Horizon>
				<Horizon>
					<summer_elevation>5</summer_elevation>
					<winter_elevation>5</winter_elevation>
					<start_angle>144</start_angle>
					<end_angle>160</end_angle>
				</Horizon>
				<Horizon>
					<summer_elevation>9</summer_elevation>
					<winter_elevation>9</winter_elevation>
					<start_angle>160</start_angle>
					<end_angle>170</end_angle>
				</Horizon>
				<Horizon>
					<summer_elevation>8</summer_elevation>
					<winter_elevation>8</winter_elevation>
					<start_angle>170</start_angle>
					<end_angle>175</end_angle>
				</Horizon>
				<Horizon>
					<summer_elevation>7</summer_elevation>
					<winter_elevation>7</winter_elevation>
					<start_angle>175</start_angle>
					<end_angle>180</end_angle>
				</Horizon>
			</East_Horizon_Segments>
			<West_Horizon_Segments>
				<Horizon>
					<summer_elevation>4</summer_elevation>
					<winter_elevation>4</winter_elevation>
					<start_angle>180</start_angle>
					<end_angle>187</end_angle>
				</Horizon>
				<Horizon>
					<summer_elevation>10</summer_elevation>
					<winter_elevation>10</winter_elevation>
					<start_angle>187</start_angle>
					<end_angle>195</end_angle>
				</Horizon>
				<Horizon>
					<summer_elevation>13</summer_elevation>
					<winter_elevation>13</winter_elevation>
					<start_angle>195</start_angle>
					<end_angle>207</end_angle>
				</Horizon>
				<Horizon>
					<summer_elevation>15</summer_elevation>
					<winter_elevation>15</winter_elevation>
					<start_angle>207</start_angle>
					<end_angle>222</end_angle>
				</Horizon>
				<Horizon>
					<summer_elevation>17</summer_elevation>
					<winter_elevation>17</winter_elevation>
					<start_angle>222</start_angle>
					<end_angle>237</end_angle>
				</Horizon>
				<Horizon>
					<summer_elevation>15</summer_elevation>
					<winter_elevation>15</winter_elevation>
					<start_angle>237</start_angle>
					<end_angle>252</end_angle>
				</Horizon>
				<Horizon>
					<summer_elevation>13</summer_elevation>
					<winter_elevation>13</winter_elevation>
					<start_angle>252</start_angle>
					<end_angle>267</end_angle>
				</Horizon>
				<Horizon>
					<summer_elevation>10</summer_elevation>
					<winter_elevation>10</winter_elevation>
					<start_angle>267</start_angle>
					<end_angle>282</end_angle>
				</Horizon>
				<Horizon>
					<summer_elevation>8</summer_elevation>
					<winter_elevation>8</winter_elevation>
					<start_angle>282</start_angle>
					<end_angle>297</end_angle>
				</Horizon>
				<Horizon>
					<summer_elevation>4</summer_elevation>
					<winter_elevation>4</winter_elevation>
					<start_angle>297</start_angle>
					<end_angle>312</end_angle>
				</Horizon>
				<Horizon>
					<summer_elevation>3</summer_elevation>
					<winter_elevation>3</winter_elevation>
					<start_angle>312</start_angle>
					<end_angle>327</end_angle>
				</Horizon>
				<Horizon>
					<summer_elevation>2</summer_elevation>
					<winter_elevation>2</winter_elevation>
					<start_angle>327</start_angle>
					<end_angle>360</end_angle>
				</Horizon>
			</West_Horizon_Segments>
			<!-- Shade "angle_from_north" should be measured from magnetic north using a compass -->
			<angle_from_north>79</angle_from_north>
		</Shade>
		<Shade>
			<name>Slider</name>
			<room>Nook</room>
			<note>None</note>
			<!-- The note field can be used to write free form notes about this entity.  i.e. window ID from drawings-->
			<East_Horizon_Segments>
				<Horizon>
					<summer_elevation>5</summer_elevation>
					<winter_elevation>5</winter_elevation>
					<start_angle>0</start_angle>
					<end_angle>21</end_angle>
				</Horizon>
				<Horizon>
					<summer_elevation>7</summer_elevation>
					<winter_elevation>7</winter_elevation>
					<start_angle>21</start_angle>
					<end_angle>30</end_angle>
				</Horizon>
				<Horizon>
					<summer_elevation>10</summer_elevation>
					<winter_elevation>10</winter_elevation>
					<start_angle>30</start_angle>
					<end_angle>37</end_angle>
				</Horizon>
				<Horizon>
					<summer_elevation>13</summer_elevation>
					<winter_elevation>13</winter_elevation>
					<start_angle>37</start_angle>
					<end_angle>45</end_angle>
				</Horizon>
				<Horizon>
					<summer_elevation>8</summer_elevation>
					<winter_elevation>8</winter_elevation>
					<start_angle>45</start_angle>
					<end_angle>51</end_angle>
				</Horizon>
				<Horizon>
					<summer_elevation>9</summer_elevation>
					<winter_elevation>9</winter_elevation>
					<start_angle>51</start_angle>
					<end_angle>54</end_angle>
				</Horizon>
				<Horizon>
					<summer_elevation>8</summer_elevation>
					<winter_elevation>8</winter_elevation>
					<start_angle>54</start_angle>
					<end_angle>62</end_angle>
				</Horizon>
				<Horizon>
					<summer_elevation>7</summer_elevation>
					<winter_elevation>7</winter_elevation>
					<start_angle>62</start_angle>
					<end_angle>65</end_angle>
				</Horizon>
				<Horizon>
					<summer_elevation>10</summer_elevation>
					<winter_elevation>10</winter_elevation>
					<start_angle>65</start_angle>
					<end_angle>70</end_angle>
				</Horizon>
				<Horizon>
					<summer_elevation>15</summer_elevation>
					<winter_elevation>15</winter_elevation>
					<start_angle>70</start_angle>
					<end_angle>73</end_angle>
				</Horizon>
				<Horizon>
					<summer_elevation>17</summer_elevation>
					<winter_elevation>17</winter_elevation>
					<start_angle>73</start_angle>
					<end_angle>77</end_angle>
				</Horizon>
				<Horizon>
					<summer_elevation>12</summer_elevation>
					<winter_elevation>12</winter_elevation>
					<start_angle>77</start_angle>
					<end_angle>81</end_angle>
				</Horizon>
				<Horizon>
					<summer_elevation>7</summer_elevation>
					<winter_elevation>7</winter_elevation>
					<start_angle>81</start_angle>
					<end_angle>99</end_angle>
				</Horizon>
				<Horizon>
					<summer_elevation>5</summer_elevation>
					<winter_elevation>5</winter_elevation>
					<start_angle>99</start_angle>
					<end_angle>102</end_angle>
				</Horizon>
				<Horizon>
					<summer_elevation>4</summer_elevation>
					<winter_elevation>4</winter_elevation>
					<start_angle>102</start_angle>
					<end_angle>112</end_angle>
				</Horizon>
				<Horizon>
					<summer_elevation>3</summer_elevation>
					<winter_elevation>3</winter_elevation>
					<start_angle>112</start_angle>
					<end_angle>120</end_angle>
				</Horizon>
				<Horizon>
					<summer_elevation>1</summer_elevation>
					<winter_elevation>1</winter_elevation>
					<start_angle>120</start_angle>
					<end_angle>122</end_angle>
				</Horizon>
				<Horizon>
					<summer_elevation>5</summer_elevation>
					<winter_elevation>5</winter_elevation>
					<start_angle>122</start_angle>
					<end_angle>127</end_angle>
				</Horizon>
				<Horizon>
					<summer_elevation>2</summer_elevation>
					<winter_elevation>2</winter_elevation>
					<start_angle>127</start_angle>
					<end_angle>144</end_angle>
				</Horizon>
				<Horizon>
					<summer_elevation>5</summer_elevation>
					<winter_elevation>5</winter_elevation>
					<start_angle>144</start_angle>
					<end_angle>160</end_angle>
				</Horizon>
				<Horizon>
					<summer_elevation>9</summer_elevation>
					<winter_elevation>9</winter_elevation>
					<start_angle>160</start_angle>
					<end_angle>170</end_angle>
				</Horizon>
				<Horizon>
					<summer_elevation>8</summer_elevation>
					<winter_elevation>8</winter_elevation>
					<start_angle>170</start_angle>
					<end_angle>175</end_angle>
				</Horizon>
				<Horizon>
					<summer_elevation>7</summer_elevation>
					<winter_elevation>7</winter_elevation>
					<start_angle>175</start_angle>
					<end_angle>180</end_angle>
				</Horizon>
			</East_Horizon_Segments>
			<West_Horizon_Segments>
				<Horizon>
					<summer_elevation>4</summer_elevation>
					<winter_elevation>4</winter_elevation>
					<start_angle>180</start_angle>
					<end_angle>187</end_angle>
				</Horizon>
				<Horizon>
					<summer_elevation>10</summer_elevation>
					<winter_elevation>10</winter_elevation>
					<start_angle>187</start_angle>
					<end_angle>195</end_angle>
				</Horizon>
				<Horizon>
					<summer_elevation>13</summer_elevation>
					<winter_elevation>13</winter_elevation>
					<start_angle>195</start_angle>
					<end_angle>207</end_angle>
				</Horizon>
				<Horizon>
					<summer_elevation>15</summer_elevation>
					<winter_elevation>15</winter_elevation>
					<start_angle>207</start_angle>
					<end_angle>222</end_angle>
				</Horizon>
				<Horizon>
					<summer_elevation>17</summer_elevation>
					<winter_elevation>17</winter_elevation>
					<start_angle>222</start_angle>
					<end_angle>237</end_angle>
				</Horizon>
				<Horizon>
					<summer_elevation>15</summer_elevation>
					<winter_elevation>15</winter_elevation>
					<start_angle>237</start_angle>
					<end_angle>252</end_angle>
				</Horizon>
				<Horizon>
					<summer_elevation>13</summer_elevation>
					<winter_elevation>13</winter_elevation>
					<start_angle>252</start_angle>
					<end_angle>267</end_angle>
				</Horizon>
				<Horizon>
					<summer_elevation>10</summer_elevation>
					<winter_elevation>10</winter_elevation>
					<start_angle>267</start_angle>
					<end_angle>282</end_angle>
				</Horizon>
				<Horizon>
					<summer_elevation>8</summer_elevation>
					<winter_elevation>8</winter_elevation>
					<start_angle>282</start_angle>
					<end_angle>297</end_angle>
				</Horizon>
				<Horizon>
					<summer_elevation>4</summer_elevation>
					<winter_elevation>4</winter_elevation>
					<start_angle>297</start_angle>
					<end_angle>312</end_angle>
				</Horizon>
				<Horizon>
					<summer_elevation>3</summer_elevation>
					<winter_elevation>3</winter_elevation>
					<start_angle>312</start_angle>
					<end_angle>327</end_angle>
				</Horizon>
				<Horizon>
					<summer_elevation>2</summer_elevation>
					<winter_elevation>2</winter_elevation>
					<start_angle>327</start_angle>
					<end_angle>360</end_angle>
				</Horizon>
			</West_Horizon_Segments>
			<!-- Shade "angle_from_north" should be measured from magnetic north using a compass -->
			<angle_from_north>79</angle_from_north>
		</Shade>
		<Shade>
			<name>Gretchen's Desk Window</name>
			<room>Nook</room>
			<note>None</note>
			<!-- The note field can be used to write free form notes about this entity.  i.e. window ID from drawings-->
			<East_Horizon_Segments>
				<Horizon>
					<summer_elevation>5</summer_elevation>
					<winter_elevation>5</winter_elevation>
					<start_angle>0</start_angle>
					<end_angle>21</end_angle>
				</Horizon>
				<Horizon>
					<summer_elevation>7</summer_elevation>
					<winter_elevation>7</winter_elevation>
					<start_angle>21</start_angle>
					<end_angle>30</end_angle>
				</Horizon>
				<Horizon>
					<summer_elevation>10</summer_elevation>
					<winter_elevation>10</winter_elevation>
					<start_angle>30</start_angle>
					<end_angle>37</end_angle>
				</Horizon>
				<Horizon>
					<summer_elevation>13</summer_elevation>
					<winter_elevation>13</winter_elevation>
					<start_angle>37</start_angle>
					<end_angle>45</end_angle>
				</Horizon>
				<Horizon>
					<summer_elevation>8</summer_elevation>
					<winter_elevation>8</winter_elevation>
					<start_angle>45</start_angle>
					<end_angle>51</end_angle>
				</Horizon>
				<Horizon>
					<summer_elevation>9</summer_elevation>
					<winter_elevation>9</winter_elevation>
					<start_angle>51</start_angle>
					<end_angle>54</end_angle>
				</Horizon>
				<Horizon>
					<summer_elevation>8</summer_elevation>
					<winter_elevation>8</winter_elevation>
					<start_angle>54</start_angle>
					<end_angle>62</end_angle>
				</Horizon>
				<Horizon>
					<summer_elevation>7</summer_elevation>
					<winter_elevation>7</winter_elevation>
					<start_angle>62</start_angle>
					<end_angle>65</end_angle>
				</Horizon>
				<Horizon>
					<summer_elevation>10</summer_elevation>
					<winter_elevation>10</winter_elevation>
					<start_angle>65</start_angle>
					<end_angle>70</end_angle>
				</Horizon>
				<Horizon>
					<summer_elevation>15</summer_elevation>
					<winter_elevation>15</winter_elevation>
					<start_angle>70</start_angle>
					<end_angle>73</end_angle>
				</Horizon>
				<Horizon>
					<summer_elevation>17</summer_elevation>
					<winter_elevation>17</winter_elevation>
					<start_angle>73</start_angle>
					<end_angle>77</end_angle>
				</Horizon>
				<Horizon>
					<summer_elevation>12</summer_elevation>
					<winter_elevation>12</winter_elevation>
					<start_angle>77</start_angle>
					<end_angle>81</end_angle>
				</Horizon>
				<Horizon>
					<summer_elevation>7</summer_elevation>
					<winter_elevation>7</winter_elevation>
					<start_angle>81</start_angle>
					<end_angle>99</end_angle>
				</Horizon>
				<Horizon>
					<summer_elevation>5</summer_elevation>
					<winter_elevation>5</winter_elevation>
					<start_angle>99</start_angle>
					<end_angle>102</end_angle>
				</Horizon>
				<Horizon>
					<summer_elevation>4</summer_elevation>
					<winter_elevation>4</winter_elevation>
					<start_angle>102</start_angle>
					<end_angle>112</end_angle>
				</Horizon>
				<Horizon>
					<summer_elevation>3</summer_elevation>
					<winter_elevation>3</winter_elevation>
					<start_angle>112</start_angle>
					<end_angle>120</end_angle>
				</Horizon>
				<Horizon>
					<summer_elevation>1</summer_elevation>
					<winter_elevation>1</winter_elevation>
					<start_angle>120</start_angle>
					<end_angle>122</end_angle>
				</Horizon>
				<Horizon>
					<summer_elevation>5</summer_elevation>
					<winter_elevation>5</winter_elevation>
					<start_angle>122</start_angle>
					<end_angle>127</end_angle>
				</Horizon>
				<Horizon>
					<summer_elevation>2</summer_elevation>
					<winter_elevation>2</winter_elevation>
					<start_angle>127</start_angle>
					<end_angle>144</end_angle>
				</Horizon>
				<Horizon>
					<summer_elevation>5</summer_elevation>
					<winter_elevation>5</winter_elevation>
					<start_angle>144</start_angle>
					<end_angle>160</end_angle>
				</Horizon>
				<Horizon>
					<summer_elevation>9</summer_elevation>
					<winter_elevation>9</winter_elevation>
					<start_angle>160</start_angle>
					<end_angle>170</end_angle>
				</Horizon>
				<Horizon>
					<summer_elevation>8</summer_elevation>
					<winter_elevation>8</winter_elevation>
					<start_angle>170</start_angle>
					<end_angle>175</end_angle>
				</Horizon>
				<Horizon>
					<summer_elevation>7</summer_elevation>
					<winter_elevation>7</winter_elevation>
					<start_angle>175</start_angle>
					<end_angle>180</end_angle>
				</Horizon>
			</East_Horizon_Segments>
			<West_Horizon_Segments>
				<Horizon>
					<summer_elevation>4</summer_elevation>
					<winter_elevation>4</winter_elevation>
					<start_angle>180</start_angle>
					<end_angle>187</end_angle>
				</Horizon>
				<Horizon>
					<summer_elevation>10</summer_elevation>
					<winter_elevation>10</winter_elevation>
					<start_angle>187</start_angle>
					<end_angle>195</end_angle>
				</Horizon>
				<Horizon>
					<summer_elevation>13</summer_elevation>
					<winter_elevation>13</winter_elevation>
					<start_angle>195</start_angle>
					<end_angle>207</end_angle>
				</Horizon>
				<Horizon>
					<summer_elevation>15</summer_elevation>
					<winter_elevation>15</winter_elevation>
					<start_angle>207</start_angle>
					<end_angle>222</end_angle>
				</Horizon>
				<Horizon>
					<summer_elevation>17</summer_elevation>
					<winter_elevation>17</winter_elevation>
					<start_angle>222</start_angle>
					<end_angle>237</end_angle>
				</Horizon>
				<Horizon>
					<summer_elevation>15</summer_elevation>
					<winter_elevation>15</winter_elevation>
					<start_angle>237</start_angle>
					<end_angle>252</end_angle>
				</Horizon>
				<Horizon>
					<summer_elevation>13</summer_elevation>
					<winter_elevation>13</winter_elevation>
					<start_angle>252</start_angle>
					<end_angle>267</end_angle>
				</Horizon>
				<Horizon>
					<summer_elevation>10</summer_elevation>
					<winter_elevation>10</winter_elevation>
					<start_angle>267</start_angle>
					<end_angle>282</end_angle>
				</Horizon>
				<Horizon>
					<summer_elevation>8</summer_elevation>
					<winter_elevation>8</winter_elevation>
					<start_angle>282</start_angle>
					<end_angle>297</end_angle>
				</Horizon>
				<Horizon>
					<summer_elevation>4</summer_elevation>
					<winter_elevation>4</winter_elevation>
					<start_angle>297</start_angle>
					<end_angle>312</end_angle>
				</Horizon>
				<Horizon>
					<summer_elevation>3</summer_elevation>
					<winter_elevation>3</winter_elevation>
					<start_angle>312</start_angle>
					<end_angle>327</end_angle>
				</Horizon>
				<Horizon>
					<summer_elevation>2</summer_elevation>
					<winter_elevation>2</winter_elevation>
					<start_angle>327</start_angle>
					<end_angle>360</end_angle>
				</Horizon>
			</West_Horizon_Segments>
			<!-- Shade "angle_from_north" should be measured from magnetic north using a compass -->
			<angle_from_north>169</angle_from_north>
		</Shade>
		<Shade>
			<name>Kitchen Window</name>
			<room>Kitchen</room>
			<note>None</note>
			<!-- The note field can be used to write free form notes about this entity.  i.e. window ID from drawings-->
			<East_Horizon_Segments>
				<Horizon>
					<summer_elevation>5</summer_elevation>
					<winter_elevation>5</winter_elevation>
					<start_angle>0</start_angle>
					<end_angle>21</end_angle>
				</Horizon>
				<Horizon>
					<summer_elevation>7</summer_elevation>
					<winter_elevation>7</winter_elevation>
					<start_angle>21</start_angle>
					<end_angle>30</end_angle>
				</Horizon>
				<Horizon>
					<summer_elevation>10</summer_elevation>
					<winter_elevation>10</winter_elevation>
					<start_angle>30</start_angle>
					<end_angle>37</end_angle>
				</Horizon>
				<Horizon>
					<summer_elevation>13</summer_elevation>
					<winter_elevation>13</winter_elevation>
					<start_angle>37</start_angle>
					<end_angle>45</end_angle>
				</Horizon>
				<Horizon>
					<summer_elevation>8</summer_elevation>
					<winter_elevation>8</winter_elevation>
					<start_angle>45</start_angle>
					<end_angle>51</end_angle>
				</Horizon>
				<Horizon>
					<summer_elevation>9</summer_elevation>
					<winter_elevation>9</winter_elevation>
					<start_angle>51</start_angle>
					<end_angle>54</end_angle>
				</Horizon>
				<Horizon>
					<summer_elevation>8</summer_elevation>
					<winter_elevation>8</winter_elevation>
					<start_angle>54</start_angle>
					<end_angle>62</end_angle>
				</Horizon>
				<Horizon>
					<summer_elevation>7</summer_elevation>
					<winter_elevation>7</winter_elevation>
					<start_angle>62</start_angle>
					<end_angle>65</end_angle>
				</Horizon>
				<Horizon>
					<summer_elevation>10</summer_elevation>
					<winter_elevation>10</winter_elevation>
					<start_angle>65</start_angle>
					<end_angle>70</end_angle>
				</Horizon>
				<Horizon>
					<summer_elevation>15</summer_elevation>
					<winter_elevation>15</winter_elevation>
					<start_angle>70</start_angle>
					<end_angle>73</end_angle>
				</Horizon>
				<Horizon>
					<summer_elevation>17</summer_elevation>
					<winter_elevation>17</winter_elevation>
					<start_angle>73</start_angle>
					<end_angle>77</end_angle>
				</Horizon>
				<Horizon>
					<summer_elevation>12</summer_elevation>
					<winter_elevation>12</winter_elevation>
					<start_angle>77</start_angle>
					<end_angle>81</end_angle>
				</Horizon>
				<Horizon>
					<summer_elevation>7</summer_elevation>
					<winter_elevation>7</winter_elevation>
					<start_angle>81</start_angle>
					<end_angle>99</end_angle>
				</Horizon>
				<Horizon>
					<summer_elevation>5</summer_elevation>
					<winter_elevation>5</winter_elevation>
					<start_angle>99</start_angle>
					<end_angle>102</end_angle>
				</Horizon>
				<Horizon>
					<summer_elevation>4</summer_elevation>
					<winter_elevation>4</winter_elevation>
					<start_angle>102</start_angle>
					<end_angle>112</end_angle>
				</Horizon>
				<Horizon>
					<summer_elevation>3</summer_elevation>
					<winter_elevation>3</winter_elevation>
					<start_angle>112</start_angle>
					<end_angle>120</end_angle>
				</Horizon>
				<Horizon>
					<summer_elevation>1</summer_elevation>
					<winter_elevation>1</winter_elevation>
					<start_angle>120</start_angle>
					<end_angle>122</end_angle>
				</Horizon>
				<Horizon>
					<summer_elevation>5</summer_elevation>
					<winter_elevation>5</winter_elevation>
					<start_angle>122</start_angle>
					<end_angle>127</end_angle>
				</Horizon>
				<Horizon>
					<summer_elevation>2</summer_elevation>
					<winter_elevation>2</winter_elevation>
					<start_angle>127</start_angle>
					<end_angle>144</end_angle>
				</Horizon>
				<Horizon>
					<summer_elevation>5</summer_elevation>
					<winter_elevation>5</winter_elevation>
					<start_angle>144</start_angle>
					<end_angle>160</end_angle>
				</Horizon>
				<Horizon>
					<summer_elevation>9</summer_elevation>
					<winter_elevation>9</winter_elevation>
					<start_angle>160</start_angle>
					<end_angle>170</end_angle>
				</Horizon>
				<Horizon>
					<summer_elevation>8</summer_elevation>
					<winter_elevation>8</winter_elevation>
					<start_angle>170</start_angle>
					<end_angle>175</end_angle>
				</Horizon>
				<Horizon>
					<summer_elevation>7</summer_elevation>
					<winter_elevation>7</winter_elevation>
					<start_angle>175</start_angle>
					<end_angle>180</end_angle>
				</Horizon>
			</East_Horizon_Segments>
			<West_Horizon_Segments>
				<Horizon>
					<summer_elevation>4</summer_elevation>
					<winter_elevation>4</winter_elevation>
					<start_angle>180</start_angle>
					<end_angle>187</end_angle>
				</Horizon>
				<Horizon>
					<summer_elevation>10</summer_elevation>
					<winter_elevation>10</winter_elevation>
					<start_angle>187</start_angle>
					<end_angle>195</end_angle>
				</Horizon>
				<Horizon>
					<summer_elevation>13</summer_elevation>
					<winter_elevation>13</winter_elevation>
					<start_angle>195</start_angle>
					<end_angle>207</end_angle>
				</Horizon>
				<Horizon>
					<summer_elevation>15</summer_elevation>
					<winter_elevation>15</winter_elevation>
					<start_angle>207</start_angle>
					<end_angle>222</end_angle>
				</Horizon>
				<Horizon>
					<summer_elevation>17</summer_elevation>
					<winter_elevation>17</winter_elevation>
					<start_angle>222</start_angle>
					<end_angle>237</end_angle>
				</Horizon>
				<Horizon>
					<summer_elevation>15</summer_elevation>
					<winter_elevation>15</winter_elevation>
					<start_angle>237</start_angle>
					<end_angle>252</end_angle>
				</Horizon>
				<Horizon>
					<summer_elevation>13</summer_elevation>
					<winter_elevation>13</winter_elevation>
					<start_angle>252</start_angle>
					<end_angle>267</end_angle>
				</Horizon>
				<Horizon>
					<summer_elevation>10</summer_elevation>
					<winter_elevation>10</winter_elevation>
					<start_angle>267</start_angle>
					<end_angle>282</end_angle>
				</Horizon>
				<Horizon>
					<summer_elevation>8</summer_elevation>
					<winter_elevation>8</winter_elevation>
					<start_angle>282</start_angle>
					<end_angle>297</end_angle>
				</Horizon>
				<Horizon>
					<summer_elevation>4</summer_elevation>
					<winter_elevation>4</winter_elevation>
					<start_angle>297</start_angle>
					<end_angle>312</end_angle>
				</Horizon>
				<Horizon>
					<summer_elevation>3</summer_elevation>
					<winter_elevation>3</winter_elevation>
					<start_angle>312</start_angle>
					<end_angle>327</end_angle>
				</Horizon>
				<Horizon>
					<summer_elevation>2</summer_elevation>
					<winter_elevation>2</winter_elevation>
					<start_angle>327</start_angle>
					<end_angle>360</end_angle>
				</Horizon>
			</West_Horizon_Segments>
			<!-- Shade "angle_from_north" should be measured from magnetic north using a compass -->
			<angle_from_north>169</angle_from_north>
		</Shade>
		<Shade>
			<name>Dining Window</name>
			<room>Dining Room</room>
			<note>None</note>
			<!-- The note field can be used to write free form notes about this entity.  i.e. window ID from drawings-->
			<East_Horizon_Segments>
				<Horizon>
					<summer_elevation>5</summer_elevation>
					<winter_elevation>5</winter_elevation>
					<start_angle>0</start_angle>
					<end_angle>21</end_angle>
				</Horizon>
				<Horizon>
					<summer_elevation>7</summer_elevation>
					<winter_elevation>7</winter_elevation>
					<start_angle>21</start_angle>
					<end_angle>30</end_angle>
				</Horizon>
				<Horizon>
					<summer_elevation>10</summer_elevation>
					<winter_elevation>10</winter_elevation>
					<start_angle>30</start_angle>
					<end_angle>37</end_angle>
				</Horizon>
				<Horizon>
					<summer_elevation>13</summer_elevation>
					<winter_elevation>13</winter_elevation>
					<start_angle>37</start_angle>
					<end_angle>45</end_angle>
				</Horizon>
				<Horizon>
					<summer_elevation>8</summer_elevation>
					<winter_elevation>8</winter_elevation>
					<start_angle>45</start_angle>
					<end_angle>51</end_angle>
				</Horizon>
				<Horizon>
					<summer_elevation>9</summer_elevation>
					<winter_elevation>9</winter_elevation>
					<start_angle>51</start_angle>
					<end_angle>54</end_angle>
				</Horizon>
				<Horizon>
					<summer_elevation>8</summer_elevation>
					<winter_elevation>8</winter_elevation>
					<start_angle>54</start_angle>
					<end_angle>62</end_angle>
				</Horizon>
				<Horizon>
					<summer_elevation>7</summer_elevation>
					<winter_elevation>7</winter_elevation>
					<start_angle>62</start_angle>
					<end_angle>65</end_angle>
				</Horizon>
				<Horizon>
					<summer_elevation>10</summer_elevation>
					<winter_elevation>10</winter_elevation>
					<start_angle>65</start_angle>
					<end_angle>70</end_angle>
				</Horizon>
				<Horizon>
					<summer_elevation>15</summer_elevation>
					<winter_elevation>15</winter_elevation>
					<start_angle>70</start_angle>
					<end_angle>73</end_angle>
				</Horizon>
				<Horizon>
					<summer_elevation>17</summer_elevation>
					<winter_elevation>17</winter_elevation>
					<start_angle>73</start_angle>
					<end_angle>77</end_angle>
				</Horizon>
				<Horizon>
					<summer_elevation>12</summer_elevation>
					<winter_elevation>12</winter_elevation>
					<start_angle>77</start_angle>
					<end_angle>81</end_angle>
				</Horizon>
				<Horizon>
					<summer_elevation>7</summer_elevation>
					<winter_elevation>7</winter_elevation>
					<start_angle>81</start_angle>
					<end_angle>99</end_angle>
				</Horizon>
				<Horizon>
					<summer_elevation>5</summer_elevation>
					<winter_elevation>5</winter_elevation>
					<start_angle>99</start_angle>
					<end_angle>102</end_angle>
				</Horizon>
				<Horizon>
					<summer_elevation>4</summer_elevation>
					<winter_elevation>4</winter_elevation>
					<start_angle>102</start_angle>
					<end_angle>112</end_angle>
				</Horizon>
				<Horizon>
					<summer_elevation>3</summer_elevation>
					<winter_elevation>3</winter_elevation>
					<start_angle>112</start_angle>
					<end_angle>120</end_angle>
				</Horizon>
				<Horizon>
					<summer_elevation>1</summer_elevation>
					<winter_elevation>1</winter_elevation>
					<start_angle>120</start_angle>
					<end_angle>122</end_angle>
				</Horizon>
				<Horizon>
					<summer_elevation>5</summer_elevation>
					<winter_elevation>5</winter_elevation>
					<start_angle>122</start_angle>
					<end_angle>127</end_angle>
				</Horizon>
				<Horizon>
					<summer_elevation>2</summer_elevation>
					<winter_elevation>2</winter_elevation>
					<start_angle>127</start_angle>
					<end_angle>144</end_angle>
				</Horizon>
				<Horizon>
					<summer_elevation>5</summer_elevation>
					<winter_elevation>5</winter_elevation>
					<start_angle>144</start_angle>
					<end_angle>160</end_angle>
				</Horizon>
				<Horizon>
					<summer_elevation>9</summer_elevation>
					<winter_elevation>9</winter_elevation>
					<start_angle>160</start_angle>
					<end_angle>170</end_angle>
				</Horizon>
				<Horizon>
					<summer_elevation>8</summer_elevation>
					<winter_elevation>8</winter_elevation>
					<start_angle>170</start_angle>
					<end_angle>175</end_angle>
				</Horizon>
				<Horizon>
					<summer_elevation>7</summer_elevation>
					<winter_elevation>7</winter_elevation>
					<start_angle>175</start_angle>
					<end_angle>180</end_angle>
				</Horizon>
			</East_Horizon_Segments>
			<West_Horizon_Segments>
				<Horizon>
					<summer_elevation>4</summer_elevation>
					<winter_elevation>4</winter_elevation>
					<start_angle>180</start_angle>
					<end_angle>187</end_angle>
				</Horizon>
				<Horizon>
					<summer_elevation>10</summer_elevation>
					<winter_elevation>10</winter_elevation>
					<start_angle>187</start_angle>
					<end_angle>195</end_angle>
				</Horizon>
				<Horizon>
					<summer_elevation>13</summer_elevation>
					<winter_elevation>13</winter_elevation>
					<start_angle>195</start_angle>
					<end_angle>207</end_angle>
				</Horizon>
				<Horizon>
					<summer_elevation>15</summer_elevation>
					<winter_elevation>15</winter_elevation>
					<start_angle>207</start_angle>
					<end_angle>222</end_angle>
				</Horizon>
				<Horizon>
					<summer_elevation>17</summer_elevation>
					<winter_elevation>17</winter_elevation>
					<start_angle>222</start_angle>
					<end_angle>237</end_angle>
				</Horizon>
				<Horizon>
					<summer_elevation>15</summer_elevation>
					<winter_elevation>15</winter_elevation>
					<start_angle>237</start_angle>
					<end_angle>252</end_angle>
				</Horizon>
				<Horizon>
					<summer_elevation>13</summer_elevation>
					<winter_elevation>13</winter_elevation>
					<start_angle>252</start_angle>
					<end_angle>267</end_angle>
				</Horizon>
				<Horizon>
					<summer_elevation>10</summer_elevation>
					<winter_elevation>10</winter_elevation>
					<start_angle>267</start_angle>
					<end_angle>282</end_angle>
				</Horizon>
				<Horizon>
					<summer_elevation>8</summer_elevation>
					<winter_elevation>8</winter_elevation>
					<start_angle>282</start_angle>
					<end_angle>297</end_angle>
				</Horizon>
				<Horizon>
					<summer_elevation>4</summer_elevation>
					<winter_elevation>4</winter_elevation>
					<start_angle>297</start_angle>
					<end_angle>312</end_angle>
				</Horizon>
				<Horizon>
					<summer_elevation>3</summer_elevation>
					<winter_elevation>3</winter_elevation>
					<start_angle>312</start_angle>
					<end_angle>327</end_angle>
				</Horizon>
				<Horizon>
					<summer_elevation>2</summer_elevation>
					<winter_elevation>2</winter_elevation>
					<start_angle>327</start_angle>
					<end_angle>360</end_angle>
				</Horizon>
			</West_Horizon_Segments>
			<!-- Shade "angle_from_north" should be measured from magnetic north using a compass -->
			<angle_from_north>259</angle_from_north>
		</Shade>
		<Shade>
			<name>Bathroom Window</name>
			<room>Master Bath</room>
			<note>None</note>
			<!-- The note field can be used to write free form notes about this entity.  i.e. window ID from drawings-->
			<East_Horizon_Segments>
				<Horizon>
					<summer_elevation>5</summer_elevation>
					<winter_elevation>5</winter_elevation>
					<start_angle>0</start_angle>
					<end_angle>21</end_angle>
				</Horizon>
				<Horizon>
					<summer_elevation>7</summer_elevation>
					<winter_elevation>7</winter_elevation>
					<start_angle>21</start_angle>
					<end_angle>30</end_angle>
				</Horizon>
				<Horizon>
					<summer_elevation>10</summer_elevation>
					<winter_elevation>10</winter_elevation>
					<start_angle>30</start_angle>
					<end_angle>37</end_angle>
				</Horizon>
				<Horizon>
					<summer_elevation>13</summer_elevation>
					<winter_elevation>13</winter_elevation>
					<start_angle>37</start_angle>
					<end_angle>45</end_angle>
				</Horizon>
				<Horizon>
					<summer_elevation>8</summer_elevation>
					<winter_elevation>8</winter_elevation>
					<start_angle>45</start_angle>
					<end_angle>51</end_angle>
				</Horizon>
				<Horizon>
					<summer_elevation>9</summer_elevation>
					<winter_elevation>9</winter_elevation>
					<start_angle>51</start_angle>
					<end_angle>54</end_angle>
				</Horizon>
				<Horizon>
					<summer_elevation>8</summer_elevation>
					<winter_elevation>8</winter_elevation>
					<start_angle>54</start_angle>
					<end_angle>62</end_angle>
				</Horizon>
				<Horizon>
					<summer_elevation>7</summer_elevation>
					<winter_elevation>7</winter_elevation>
					<start_angle>62</start_angle>
					<end_angle>65</end_angle>
				</Horizon>
				<Horizon>
					<summer_elevation>10</summer_elevation>
					<winter_elevation>10</winter_elevation>
					<start_angle>65</start_angle>
					<end_angle>70</end_angle>
				</Horizon>
				<Horizon>
					<summer_elevation>15</summer_elevation>
					<winter_elevation>15</winter_elevation>
					<start_angle>70</start_angle>
					<end_angle>73</end_angle>
				</Horizon>
				<Horizon>
					<summer_elevation>17</summer_elevation>
					<winter_elevation>17</winter_elevation>
					<start_angle>73</start_angle>
					<end_angle>77</end_angle>
				</Horizon>
				<Horizon>
					<summer_elevation>12</summer_elevation>
					<winter_elevation>12</winter_elevation>
					<start_angle>77</start_angle>
					<end_angle>81</end_angle>
				</Horizon>
				<Horizon>
					<summer_elevation>7</summer_elevation>
					<winter_elevation>7</winter_elevation>
					<start_angle>81</start_angle>
					<end_angle>99</end_angle>
				</Horizon>
				<Horizon>
					<summer_elevation>5</summer_elevation>
					<winter_elevation>5</winter_elevation>
					<start_angle>99</start_angle>
					<end_angle>102</end_angle>
				</Horizon>
				<Horizon>
					<summer_elevation>4</summer_elevation>
					<winter_elevation>4</winter_elevation>
					<start_angle>102</start_angle>
					<end_angle>112</end_angle>
				</Horizon>
				<Horizon>
					<summer_elevation>3</summer_elevation>
					<winter_elevation>3</winter_elevation>
					<start_angle>112</start_angle>
					<end_angle>120</end_angle>
				</Horizon>
				<Horizon>
					<summer_elevation>1</summer_elevation>
					<winter_elevation>1</winter_elevation>
					<start_angle>120</start_angle>
					<end_angle>122</end_angle>
				</Horizon>
				<Horizon>
					<summer_elevation>5</summer_elevation>
					<winter_elevation>5</winter_elevation>
					<start_angle>122</start_angle>
					<end_angle>127</end_angle>
				</Horizon>
				<Horizon>
					<summer_elevation>2</summer_elevation>
					<winter_elevation>2</winter_elevation>
					<start_angle>127</start_angle>
					<end_angle>144</end_angle>
				</Horizon>
				<Horizon>
					<summer_elevation>5</summer_elevation>
					<winter_elevation>5</winter_elevation>
					<start_angle>144</start_angle>
					<end_angle>160</end_angle>
				</Horizon>
				<Horizon>
					<summer_elevation>9</summer_elevation>
					<winter_elevation>9</winter_elevation>
					<start_angle>160</start_angle>
					<end_angle>170</end_angle>
				</Horizon>
				<Horizon>
					<summer_elevation>8</summer_elevation>
					<winter_elevation>8</winter_elevation>
					<start_angle>170</start_angle>
					<end_angle>175</end_angle>
				</Horizon>
				<Horizon>
					<summer_elevation>7</summer_elevation>
					<winter_elevation>7</winter_elevation>
					<start_angle>175</start_angle>
					<end_angle>180</end_angle>
				</Horizon>
			</East_Horizon_Segments>
			<West_Horizon_Segments>
				<Horizon>
					<summer_elevation>4</summer_elevation>
					<winter_elevation>4</winter_elevation>
					<start_angle>180</start_angle>
					<end_angle>187</end_angle>
				</Horizon>
				<Horizon>
					<summer_elevation>10</summer_elevation>
					<winter_elevation>10</winter_elevation>
					<start_angle>187</start_angle>
					<end_angle>195</end_angle>
				</Horizon>
				<Horizon>
					<summer_elevation>13</summer_elevation>
					<winter_elevation>13</winter_elevation>
					<start_angle>195</start_angle>
					<end_angle>207</end_angle>
				</Horizon>
				<Horizon>
					<summer_elevation>15</summer_elevation>
					<winter_elevation>15</winter_elevation>
					<start_angle>207</start_angle>
					<end_angle>222</end_angle>
				</Horizon>
				<Horizon>
					<summer_elevation>17</summer_elevation>
					<winter_elevation>17</winter_elevation>
					<start_angle>222</start_angle>
					<end_angle>237</end_angle>
				</Horizon>
				<Horizon>
					<summer_elevation>15</summer_elevation>
					<winter_elevation>15</winter_elevation>
					<start_angle>237</start_angle>
					<end_angle>252</end_angle>
				</Horizon>
				<Horizon>
					<summer_elevation>13</summer_elevation>
					<winter_elevation>13</winter_elevation>
					<start_angle>252</start_angle>
					<end_angle>267</end_angle>
				</Horizon>
				<Horizon>
					<summer_elevation>10</summer_elevation>
					<winter_elevation>10</winter_elevation>
					<start_angle>267</start_angle>
					<end_angle>282</end_angle>
				</Horizon>
				<Horizon>
					<summer_elevation>8</summer_elevation>
					<winter_elevation>8</winter_elevation>
					<start_angle>282</start_angle>
					<end_angle>297</end_angle>
				</Horizon>
				<Horizon>
					<summer_elevation>4</summer_elevation>
					<winter_elevation>4</winter_elevation>
					<start_angle>297</start_angle>
					<end_angle>312</end_angle>
				</Horizon>
				<Horizon>
					<summer_elevation>3</summer_elevation>
					<winter_elevation>3</winter_elevation>
					<start_angle>312</start_angle>
					<end_angle>327</end_angle>
				</Horizon>
				<Horizon>
					<summer_elevation>2</summer_elevation>
					<winter_elevation>2</winter_elevation>
					<start_angle>327</start_angle>
					<end_angle>360</end_angle>
				</Horizon>
			</West_Horizon_Segments>
			<!-- Shade "angle_from_north" should be measured from magnetic north using a compass -->
			<angle_from_north>349</angle_from_north>
		</Shade>
	</Shades>
</ShadeInformation>
